"time_utc","phase","discovered","active","parked","efficiency_state","limit_a","allocated_a","shelf_a","shelf_w","available_a","efficiency","redundancy","r1","r1_state","r1_amps","r1_volts","r1_faults","r1_online","r1_parked","r2","r2_state","r2_amps","r2_volts","r2_faults","r2_online","r2_parked","r3","r3_state","r3_amps","r3_volts","r3_faults","r3_online","r3_parked"
"2026-09-21T01:14:35+00:00","initial","3.0","1.0","2.0","1 running, 2 parked","15.0","15.0","8.30000019073486","448.614990234375","42.2000007629395","on","off","unit-a","Normal","8.39999961853027","54.060001373291","None","on","off","unit-b","Parked","0.0","53.9900016784668","Current Limit","on","on","unit-c","Parked","0.0","54.0400009155273","Current Limit","on","on"
"2026-09-21T01:14:36+00:00","baseline","3.0","1.0","2.0","1 running, 2 parked","15.0","15.0","8.30000019073486","448.614990234375","42.2000007629395","on","off","unit-a","Normal","8.39999961853027","54.060001373291","None","on","off","unit-b","Parked","0.0","53.9900016784668","Current Limit","on","on","unit-c","Parked","0.0","54.0400009155273","Current Limit","on","on"
"2026-09-21T01:14:38+00:00","baseline","3.0","1.0","2.0","1 running, 2 parked","15.0","15.0","8.30000019073486","448.200012207031","42.2000007629395","on","off","unit-a","Normal","8.30000019073486","53.9599990844727","None","on","off","unit-b","Parked","0.0","53.9000015258789","Current Limit","on","on","unit-c","Parked","0.0","54.0","Current Limit","on","on"
"2026-09-21T01:14:40+00:00","baseline","3.0","1.0","2.0","1 running, 2 parked","15.0","15.0","8.19999980926514","448.614990234375","42.2000007629395","on","off","unit-a","Normal","8.19999980926514","54.0299987792969","None","on","off","unit-b","Parked","0.0","53.9000015258789","Current Limit","on","on","unit-c","Parked","0.0","54.0400009155273","Current Limit","on","on"
"2026-09-21T01:14:42+00:00","efficiency_off","3.0","1.0","2.0","1 running, 2 parked","15.0","15.0","8.39999961853027","453.683959960938","42.2000007629395","on","off","unit-a","Normal","8.39999961853027","54.0","None","on","off","unit-b","Parked","0.0","53.9900016784668","Current Limit","on","on","unit-c","Parked","0.0","53.9300003051758","Current Limit","on","on"
"2026-09-21T01:14:44+00:00","efficiency_off","3.0","3.0","2.0","Disabled","15.0","15.0","8.39999961853027","453.683959960938","126.600006103516","off","off","unit-a","Normal","8.39999961853027","54.0299987792969","None","on","off","unit-b","Normal","0.0","53.9000015258789","Current Limit","on","off","unit-c","Normal","0.0","53.9500007629395","Current Limit","on","off"
"2026-09-21T01:14:46+00:00","efficiency_off","3.0","3.0","2.0","Disabled","15.0","15.0","8.39999961853027","459.680023193359","126.600006103516","off","off","unit-a","Normal","8.39999961853027","54.0099983215332","None","on","off","unit-b","Walk-in","0.0","54.0099983215332","Current Limit","on","off","unit-c","Normal","0.0","54.0200004577637","Current Limit","on","off"
"2026-09-21T01:14:48+00:00","efficiency_off","3.0","3.0","0.0","Disabled","15.0","15.0","8.39999961853027","453.599975585938","126.600006103516","off","off","unit-a","Normal","8.30000019073486","54.060001373291","None","on","off","unit-b","Walk-in","0.0","53.9900016784668","None","on","off","unit-c","Walk-in","0.0","54.060001373291","None","on","off"
"2026-09-21T01:14:50+00:00","efficiency_off","3.0","3.0","0.0","Disabled","15.0","15.0","8.5","453.599975585938","126.600006103516","off","off","unit-a","Normal","8.39999961853027","54.0499992370605","None","on","off","unit-b","Walk-in","0.0","53.9199981689453","None","on","off","unit-c","Walk-in","0.0","54.0","None","on","off"
"2026-09-21T01:14:52+00:00","efficiency_off","3.0","3.0","0.0","Disabled","15.0","15.0","8.39999961853027","453.683959960938","126.600006103516","off","off","unit-a","Normal","8.39999961853027","54.0099983215332","None","on","off","unit-b","Walk-in","0.0","53.9900016784668","None","on","off","unit-c","Walk-in","0.0","53.9700012207031","None","on","off"
"2026-09-21T01:14:54+00:00","efficiency_off","3.0","3.0","0.0","Disabled","15.0","15.0","8.30000019073486","475.686004638672","126.600006103516","off","off","unit-a","Normal","8.30000019073486","54.0299987792969","None","on","off","unit-b","Normal","0.0","53.939998626709","None","on","off","unit-c","Normal","0.0","54.0400009155273","None","on","off"
"2026-09-21T01:14:56+00:00","efficiency_off","3.0","3.0","0.0","Disabled","15.0","15.0","9.10000038146973","502.633972167969","126.600006103516","off","off","unit-a","Normal","6.40000009536743","54.0299987792969","None","on","off","unit-b","Normal","0.0","53.9599990844727","None","on","off","unit-c","Normal","3.09999990463257","54.0400009155273","None","on","off"
"2026-09-21T01:14:58+00:00","efficiency_off","3.0","3.0","0.0","Disabled","15.0","15.0","8.80000019073486","491.707000732422","126.600006103516","off","off","unit-a","Normal","6.0","53.9799995422363","None","on","off","unit-b","Normal","0.0","53.9599990844727","None","on","off","unit-c","Normal","3.79999995231628","54.0400009155273","None","on","off"
"2026-09-21T01:15:00+00:00","efficiency_off","3.0","3.0","0.0","Disabled","15.0","5.0","8.89999961853027","469.849975585938","126.600006103516","off","off","unit-a","Normal","4.90000009536743","54.0299987792969","None","on","off","unit-b","Normal","0.0","53.9199981689453","None","on","off","unit-c","Normal","3.90000009536743","54.0699996948242","None","on","off"
"2026-09-21T01:15:02+00:00","efficiency_on","3.0","3.0","0.0","Disabled","15.0","5.0","8.69999980926514","469.865997314453","126.600006103516","off","off","unit-a","Normal","4.0","54.0099983215332","None","on","off","unit-b","Normal","0.0","53.9599990844727","None","on","off","unit-c","Normal","4.80000019073486","54.0400009155273","None","on","off"
"2026-09-21T01:15:04+00:00","efficiency_on","3.0","3.0","0.0","Disabled","15.0","5.0","8.39999961853027","470.010009765625","126.600006103516","on","off","unit-a","Normal","4.90000009536743","54.0099983215332","None","on","off","unit-b","Normal","0.0","53.9599990844727","None","on","off","unit-c","Normal","3.5","54.060001373291","None","on","off"
"2026-09-21T01:15:06+00:00","efficiency_on","3.0","3.0","0.0","Disabled","15.0","5.0","7.79999971389771","437.552978515625","126.600006103516","on","off","unit-a","Normal","4.69999980926514","54.0","None","on","off","unit-b","Normal","0.0","53.9000015258789","None","on","off","unit-c","Normal","3.09999990463257","54.060001373291","None","on","off"
"2026-09-21T01:15:09+00:00","efficiency_on","3.0","3.0","0.0","3 running, 0 parked","15.0","5.0","7.80000019073486","432.06201171875","126.600006103516","on","off","unit-a","Normal","4.30000019073486","54.0299987792969","None","on","off","unit-b","Normal","0.0","53.9599990844727","None","on","off","unit-c","Normal","3.5","54.0","None","on","off"
"2026-09-21T01:15:11+00:00","efficiency_on","3.0","3.0","0.0","3 running, 0 parked","15.0","5.0","8.5","469.622009277344","126.600006103516","on","off","unit-a","Normal","2.90000009536743","53.9799995422363","None","on","off","unit-b","Normal","4.0","53.9900016784668","None","on","off","unit-c","Normal","1.70000004768372","53.9799995422363","None","on","off"
"2026-09-21T01:15:13+00:00","efficiency_on","3.0","3.0","0.0","3 running, 0 parked","15.0","5.0","8.59999942779541","469.705993652344","126.600006103516","on","off","unit-a","Normal","2.70000004768372","54.0","None","on","off","unit-b","Normal","4.0","53.939998626709","None","on","off","unit-c","Normal","1.89999997615814","54.0","None","on","off"
"2026-09-21T01:15:15+00:00","efficiency_on","3.0","3.0","0.0","3 running, 0 parked","15.0","5.0","9.0","491.303009033203","126.600006103516","on","off","unit-a","Normal","2.5","53.9599990844727","None","on","off","unit-b","Normal","4.0","53.9700012207031","None","on","off","unit-c","Normal","2.59999990463257","54.0699996948242","None","on","off"
"2026-09-21T01:15:17+00:00","efficiency_on","3.0","3.0","0.0","3 running, 0 parked","15.0","5.0","8.89999961853027","480.469970703125","126.600006103516","on","off","unit-a","Normal","2.5","54.0","None","on","off","unit-b","Normal","3.40000009536743","53.9700012207031","None","on","off","unit-c","Normal","3.0","54.0200004577637","None","on","off"
"2026-09-21T01:15:19+00:00","efficiency_on","3.0","3.0","0.0","3 running, 0 parked","15.0","5.0","8.79999923706055","475.242004394531","126.600006103516","on","off","unit-a","Normal","2.79999995231628","53.9500007629395","None","on","off","unit-b","Normal","3.90000009536743","53.9599990844727","None","on","off","unit-c","Normal","2.09999990463257","54.0400009155273","None","on","off"
"2026-09-21T01:15:21+00:00","efficiency_on","3.0","3.0","0.0","3 running, 0 parked","15.0","5.0","8.89999961853027","475.101989746094","126.600006103516","on","off","unit-a","Normal","3.40000009536743","53.9799995422363","None","on","off","unit-b","Normal","3.29999995231628","54.0099983215332","None","on","off","unit-c","Normal","2.0","54.0400009155273","None","on","off"
"2026-09-21T01:15:23+00:00","efficiency_on","3.0","3.0","0.0","3 running, 0 parked","15.0","5.0","8.89999961853027","486.026031494141","126.600006103516","on","off","unit-a","Normal","3.29999995231628","54.0099983215332","None","on","off","unit-b","Normal","3.29999995231628","53.939998626709","None","on","off","unit-c","Normal","2.09999990463257","54.0200004577637","None","on","off"
"2026-09-21T01:15:25+00:00","efficiency_on","3.0","3.0","0.0","3 running, 0 parked","15.0","5.0","8.89999961853027","491.445007324219","126.600006103516","on","off","unit-a","Normal","3.0","53.9799995422363","None","on","off","unit-b","Normal","2.70000004768372","53.939998626709","None","on","off","unit-c","Normal","3.0","54.0400009155273","None","on","off"
"2026-09-21T01:15:27+00:00","efficiency_on","3.0","3.0","0.0","3 running, 0 parked","15.0","5.0","9.0","480.492004394531","126.600006103516","on","off","unit-a","Normal","3.09999990463257","54.0099983215332","None","on","off","unit-b","Normal","2.79999995231628","53.9900016784668","None","on","off","unit-c","Normal","3.09999990463257","54.0400009155273","None","on","off"
"2026-09-21T01:15:29+00:00","efficiency_on","3.0","3.0","0.0","3 running, 0 parked","15.0","5.0","9.19999980926514","491.445007324219","126.600006103516","on","off","unit-a","Normal","3.0","54.0299987792969","None","on","off","unit-b","Normal","2.79999995231628","53.939998626709","None","on","off","unit-c","Normal","3.20000004768372","54.060001373291","None","on","off"
"2026-09-21T01:15:31+00:00","efficiency_on","3.0","3.0","0.0","3 running, 0 parked","15.0","5.0","9.39999961853027","502.273010253906","126.600006103516","on","off","unit-a","Normal","3.20000004768372","54.0099983215332","None","on","off","unit-b","Normal","2.79999995231628","53.9700012207031","None","on","off","unit-c","Normal","3.20000004768372","54.0","None","on","off"
"2026-09-21T01:15:33+00:00","efficiency_on","3.0","3.0","0.0","3 running, 0 parked","15.0","5.0","8.89999961853027","485.837982177734","126.600006103516","on","off","unit-a","Normal","3.09999990463257","54.0","None","on","off","unit-b","Normal","2.79999995231628","53.9700012207031","None","on","off","unit-c","Normal","3.09999990463257","54.0400009155273","None","on","off"
"2026-09-21T01:15:35+00:00","efficiency_on","3.0","1.0","0.0","3 running, 0 parked","15.0","7.5","7.09999990463257","394.109985351562","42.2000007629395","on","off","unit-a","Normal","7.0","54.0","None","on","off","unit-b","Parked","0.0","53.8600006103516","None","on","on","unit-c","Parked","0.100000001490116","53.9099998474121","None","on","on"
"2026-09-21T01:15:37+00:00","efficiency_on","3.0","1.0","2.0","1 running, 2 parked","15.0","15.0","7.09999990463257","383.399993896484","42.2000007629395","on","off","unit-a","Normal","7.09999990463257","54.0","None","on","off","unit-b","Parked","0.0","53.9199981689453","None","on","on","unit-c","Parked","0.0","53.9300003051758","None","on","on"
"2026-09-21T01:15:40+00:00","efficiency_on","3.0","1.0","2.0","1 running, 2 parked","15.0","15.0","7.19999980926514","388.655975341797","42.2000007629395","on","off","unit-a","Normal","7.19999980926514","54.0099983215332","None","on","off","unit-b","Parked","0.0","53.9599990844727","None","on","on","unit-c","Parked","0.0","54.0","None","on","on"
"2026-09-21T01:15:42+00:00","efficiency_on","3.0","1.0","2.0","1 running, 2 parked","15.0","15.0","7.30000019073486","405.0","42.2000007629395","on","off","unit-a","Normal","7.30000019073486","54.0099983215332","None","on","off","unit-b","Parked","0.0","53.810001373291","None","on","on","unit-c","Parked","0.0","53.9799995422363","None","on","on"
"2026-09-21T01:15:44+00:00","efficiency_on","3.0","1.0","2.0","1 running, 2 parked","15.0","15.0","7.40000009536743","394.273010253906","42.2000007629395","on","off","unit-a","Normal","7.30000019073486","53.9799995422363","None","on","off","unit-b","Parked","0.0","53.9199981689453","None","on","on","unit-c","Parked","0.0","53.9099998474121","None","on","on"
"2026-09-21T01:15:46+00:00","efficiency_on","3.0","1.0","2.0","1 running, 2 parked","15.0","15.0","7.5","399.673980712891","42.2000007629395","on","off","unit-a","Normal","7.5","54.0099983215332","None","on","off","unit-b","Parked","0.0","53.939998626709","None","on","on","unit-c","Parked","0.0","54.0","None","on","on"
"2026-09-21T01:15:48+00:00","efficiency_on","3.0","1.0","2.0","1 running, 2 parked","15.0","15.0","7.40000009536743","405.0","42.2000007629395","on","off","unit-a","Normal","7.5","53.9599990844727","None","on","off","unit-b","Parked","0.0","53.8800010681152","None","on","on","unit-c","Parked","0.0","53.9099998474121","None","on","on"
"2026-09-21T01:15:50+00:00","efficiency_on","3.0","1.0","2.0","1 running, 2 parked","15.0","15.0","7.59999990463257","410.399993896484","42.2000007629395","on","off","unit-a","Normal","7.59999990463257","54.0299987792969","None","on","off","unit-b","Parked","0.0","53.939998626709","None","on","on","unit-c","Parked","0.0","53.8699989318848","None","on","on"
"2026-09-21T01:15:52+00:00","efficiency_on","3.0","1.0","2.0","1 running, 2 parked","15.0","15.0","7.5","410.475982666016","42.2000007629395","on","off","unit-a","Normal","7.5","54.0299987792969","None","on","off","unit-b","Parked","0.0","53.8600006103516","None","on","on","unit-c","Parked","0.0","53.9300003051758","None","on","on"
"2026-09-21T01:15:54+00:00","efficiency_on","3.0","1.0","2.0","1 running, 2 parked","15.0","15.0","7.5","404.625","42.2000007629395","on","off","unit-a","Normal","7.69999980926514","53.9799995422363","None","on","off","unit-b","Parked","0.0","53.8600006103516","None","on","on","unit-c","Parked","0.0","53.9799995422363","None","on","on"
"2026-09-21T01:15:56+00:00","efficiency_on","3.0","1.0","2.0","1 running, 2 parked","15.0","15.0","7.80000019073486","410.627990722656","42.2000007629395","on","off","unit-a","Normal","7.69999980926514","54.0099983215332","None","on","off","unit-b","Parked","0.0","53.939998626709","None","on","on","unit-c","Parked","0.0","53.9099998474121","None","on","on"
"2026-09-21T01:15:58+00:00","efficiency_on","3.0","1.0","2.0","1 running, 2 parked","15.0","15.0","7.69999980926514","415.415008544922","42.2000007629395","on","off","unit-a","Normal","7.69999980926514","54.0099983215332","None","on","off","unit-b","Parked","0.0","53.8300018310547","None","on","on","unit-c","Parked","0.0","53.9300003051758","None","on","on"
"2026-09-21T01:16:00+00:00","efficiency_on","3.0","1.0","2.0","1 running, 2 parked","15.0","15.0","8.0","426.678985595703","42.2000007629395","on","off","unit-a","Normal","7.80000019073486","53.9500007629395","None","on","off","unit-b","Parked","0.0","53.9199981689453","None","on","on","unit-c","Parked","0.0","54.0","None","on","on"
"2026-09-21T01:16:02+00:00","efficiency_on","3.0","1.0","2.0","1 running, 2 parked","15.0","15.0","8.60000038146973","431.600006103516","42.2000007629395","on","off","unit-a","Normal","8.0","53.9300003051758","None","on","off","unit-b","Parked","0.0","53.939998626709","None","on","on","unit-c","Parked","0.0","53.8600006103516","None","on","on"
"2026-09-21T01:16:04+00:00","efficiency_on","3.0","1.0","2.0","1 running, 2 parked","15.0","15.0","15.8999996185303","839.748046875","42.2000007629395","on","off","unit-a","Normal","15.8999996185303","53.9099998474121","None","on","off","unit-b","Parked","0.0","53.6800003051758","None","on","on","unit-c","Parked","0.0","53.8899993896484","None","on","on"
"2026-09-21T01:16:06+00:00","efficiency_on","3.0","1.0","2.0","1 running, 2 parked","15.0","15.0","16.5","873.018005371094","42.2000007629395","on","off","unit-a","Normal","16.7000007629395","53.8400001525879","None","on","off","unit-b","Parked","0.0","53.8800010681152","None","on","on","unit-c","Parked","0.0","53.9700012207031","None","on","on"
"2026-09-21T01:16:09+00:00","redundancy_on","3.0","1.0","2.0","1 running, 2 parked","15.0","15.0","15.1000003814697","879.547973632812","42.2000007629395","on","off","unit-a","Constant current","15.1000003814697","53.8899993896484","None","on","off","unit-b","Parked","0.0","53.8499984741211","None","on","on","unit-c","Parked","0.0","53.689998626709","None","on","on"
"2026-09-21T01:16:11+00:00","redundancy_on","3.0","2.0","2.0","1 running, 2 parked","15.0","15.0","14.8999996185303","801.02392578125","84.4000015258789","on","on","unit-a","Constant current","15.1000003814697","53.810001373291","None","on","off","unit-b","Parked","0.0","53.560001373291","None","on","on","unit-c","Normal","0.0","53.7299995422363","None","on","off"
"2026-09-21T01:16:13+00:00","redundancy_on","3.0","2.0","1.0","2 running, 1 parked","15.0","15.0","15.0","813.286010742188","84.4000015258789","on","on","unit-a","Constant current","15.0","53.7400016784668","Current Limit","on","off","unit-b","Parked","0.0","53.7700004577637","None","on","on","unit-c","Normal","0.0","53.8600006103516","None","on","off"
"2026-09-21T01:16:15+00:00","redundancy_on","3.0","2.0","1.0","2 running, 1 parked","15.0","15.0","14.8999996185303","801.02392578125","84.4000015258789","on","on","unit-a","Constant current","14.8999996185303","53.7400016784668","Current Limit","on","off","unit-b","Parked","0.0","53.5200004577637","None","on","on","unit-c","Walk-in","0.0","53.5400009155273","None","on","off"
"2026-09-21T01:16:17+00:00","redundancy_on","3.0","2.0","1.0","2 running, 1 parked","15.0","15.0","14.8999996185303","812.984008789062","84.4000015258789","on","on","unit-a","Constant current","14.8000001907349","53.7900009155273","Current Limit","on","off","unit-b","Parked","0.0","53.7000007629395","None","on","on","unit-c","Walk-in","0.0","53.7799987792969","None","on","off"
"2026-09-21T01:16:19+00:00","redundancy_on","3.0","2.0","1.0","2 running, 1 parked","15.0","15.0","14.8999996185303","800.278991699219","84.4000015258789","on","on","unit-a","Constant current","15.0","53.8300018310547","Current Limit","on","off","unit-b","Parked","0.0","53.7599983215332","None","on","on","unit-c","Walk-in","0.0","53.7799987792969","None","on","off"
"2026-09-21T01:16:21+00:00","redundancy_on","3.0","2.0","1.0","2 running, 1 parked","15.0","15.0","15.0","1187.21496582031","84.4000015258789","on","on","unit-a","Normal","12.6000003814697","53.8600006103516","Current Limit","on","off","unit-b","Parked","0.0","53.810001373291","None","on","on","unit-c","Normal","0.0","54.0","None","on","off"
"2026-09-21T01:16:23+00:00","redundancy_on","3.0","2.0","1.0","2 running, 1 parked","15.0","15.0","23.5","1279.248046875","84.4000015258789","on","on","unit-a","Normal","10.0","53.9099998474121","None","on","off","unit-b","Parked","0.0","53.8600006103516","None","on","on","unit-c","Normal","13.8000001907349","53.9799995422363","None","on","off"
"2026-09-21T01:16:25+00:00","redundancy_on","3.0","2.0","1.0","2 running, 1 parked","15.0","15.0","23.7000007629395","1274.43591308594","84.4000015258789","on","on","unit-a","Normal","10.1999998092651","54.0","None","on","off","unit-b","Parked","0.0","53.939998626709","None","on","on","unit-c","Normal","13.5","54.060001373291","None","on","off"
"2026-09-21T01:16:27+00:00","redundancy_on","3.0","2.0","1.0","2 running, 1 parked","15.0","7.5","18.2000007629395","1279.001953125","84.4000015258789","on","on","unit-a","Normal","11.0","53.7099990844727","None","on","off","unit-b","Parked","0.0","53.7599983215332","None","on","on","unit-c","Normal","8.69999980926514","54.060001373291","None","on","off"
"2026-09-21T01:16:29+00:00","redundancy_on","3.0","2.0","1.0","2 running, 1 parked","15.0","7.5","15.3000001907349","806.403991699219","84.4000015258789","on","on","unit-a","Constant current","7.40000009536743","53.689998626709","None","on","off","unit-b","Parked","0.0","53.6500015258789","None","on","on","unit-c","Normal","7.80000019073486","53.689998626709","None","on","off"
"2026-09-21T01:16:31+00:00","redundancy_on","3.0","2.0","1.0","2 running, 1 parked","15.0","7.5","15.1999998092651","801.240966796875","84.4000015258789","on","on","unit-a","Constant current","7.30000019073486","53.689998626709","Current Limit","on","off","unit-b","Parked","0.0","53.6599998474121","None","on","on","unit-c","Constant current","7.69999980926514","53.75","Current Limit","on","off"
"2026-09-21T01:16:33+00:00","redundancy_on","3.0","2.0","1.0","2 running, 1 parked","15.0","7.5","14.7999992370605","805.877990722656","84.4000015258789","on","on","unit-a","Constant current","7.5","53.7099990844727","Current Limit","on","off","unit-b","Parked","0.0","53.5","None","on","on","unit-c","Constant current","7.19999980926514","53.7599983215332","Current Limit","on","off"
"2026-09-21T01:16:35+00:00","redundancy_on","3.0","2.0","1.0","2 running, 1 parked","15.0","7.5","15.0","816.171020507812","84.4000015258789","on","on","unit-a","Constant current","7.5","53.6399993896484","Current Limit","on","off","unit-b","Parked","0.0","53.6500015258789","None","on","on","unit-c","Constant current","7.5","53.6699981689453","Current Limit","on","off"
"2026-09-21T01:16:37+00:00","redundancy_on","3.0","2.0","1.0","2 running, 1 parked","15.0","7.5","15.0","816.1669921875","84.4000015258789","on","on","unit-a","Constant current","7.30000019073486","53.6199989318848","Current Limit","on","off","unit-b","Parked","0.0","53.6500015258789","None","on","on","unit-c","Constant current","7.40000009536743","53.7299995422363","Current Limit","on","off"
"2026-09-21T01:16:40+00:00","redundancy_off","3.0","2.0","1.0","2 running, 1 parked","15.0","7.5","14.8999996185303","793.798034667969","84.4000015258789","on","on","unit-a","Constant current","7.40000009536743","53.7099990844727","Current Limit","on","off","unit-b","Parked","0.0","53.4599990844727","None","on","on","unit-c","Constant current","7.30000019073486","53.7099990844727","Current Limit","on","off"
"2026-09-21T01:16:42+00:00","redundancy_off","3.0","2.0","1.0","2 running, 1 parked","15.0","7.5","15.1000003814697","815.866027832031","84.4000015258789","on","off","unit-a","Constant current","7.40000009536743","53.6599998474121","Current Limit","on","off","unit-b","Parked","0.0","53.5900001525879","None","on","on","unit-c","Constant current","7.59999990463257","53.6699981689453","Current Limit","on","off"
"2026-09-21T01:16:44+00:00","redundancy_off","3.0","2.0","1.0","2 running, 1 parked","15.0","7.5","15.1000003814697","684.102966308594","84.4000015258789","on","off","unit-a","Constant current","6.19999980926514","53.6800003051758","Current Limit","on","off","unit-b","Parked","0.0","53.4799995422363","None","on","on","unit-c","Constant current","7.59999990463257","53.7299995422363","Current Limit","on","off"
"2026-09-21T01:16:46+00:00","redundancy_off","3.0","2.0","1.0","2 running, 1 parked","15.0","7.5","14.7000007629395","792.768981933594","84.4000015258789","on","off","unit-a","Constant current","7.30000019073486","53.8800010681152","Current Limit","on","off","unit-b","Parked","0.0","53.810001373291","None","on","on","unit-c","Constant current","7.30000019073486","53.9500007629395","Current Limit","on","off"
"2026-09-21T01:16:48+00:00","redundancy_off","3.0","2.0","1.0","2 running, 1 parked","15.0","7.5","14.8000001907349","798.164001464844","84.4000015258789","on","off","unit-a","Constant current","7.40000009536743","53.9300003051758","Current Limit","on","off","unit-b","Parked","0.0","53.8800010681152","None","on","on","unit-c","Constant current","7.40000009536743","53.9799995422363","Current Limit","on","off"
"2026-09-21T01:16:50+00:00","redundancy_off","3.0","2.0","1.0","2 running, 1 parked","15.0","7.5","14.8999996185303","804.380004882812","84.4000015258789","on","off","unit-a","Constant current","7.40000009536743","53.9799995422363","Current Limit","on","off","unit-b","Parked","0.0","53.8300018310547","None","on","on","unit-c","Constant current","7.5","54.0","Current Limit","on","off"
"2026-09-21T01:16:52+00:00","redundancy_off","3.0","2.0","1.0","2 running, 1 parked","15.0","7.5","14.8000001907349","799.052001953125","84.4000015258789","on","off","unit-a","Constant current","7.40000009536743","53.9799995422363","Current Limit","on","off","unit-b","Parked","0.0","53.8800010681152","None","on","on","unit-c","Constant current","7.40000009536743","54.0","Current Limit","on","off"
"2026-09-21T01:16:54+00:00","redundancy_off","3.0","2.0","1.0","2 running, 1 parked","15.0","7.5","14.8000001907349","787.889038085938","84.4000015258789","on","off","unit-a","Constant current","7.40000009536743","54.0099983215332","Current Limit","on","off","unit-b","Parked","0.0","53.9199981689453","None","on","on","unit-c","Constant current","7.40000009536743","54.0200004577637","Current Limit","on","off"
"2026-09-21T01:16:56+00:00","redundancy_off","3.0","2.0","1.0","2 running, 1 parked","15.0","7.5","14.7000007629395","804.75","84.4000015258789","on","off","unit-a","Normal","7.5","54.0","Current Limit","on","off","unit-b","Parked","0.0","53.8800010681152","None","on","on","unit-c","Constant current","7.30000019073486","54.0200004577637","Current Limit","on","off"
"2026-09-21T01:16:58+00:00","redundancy_off","3.0","2.0","1.0","2 running, 1 parked","15.0","7.5","14.6000003814697","793.799987792969","84.4000015258789","on","off","unit-a","Normal","7.19999980926514","54.0","None","on","off","unit-b","Parked","0.0","53.9199981689453","None","on","on","unit-c","Constant current","7.5","54.0","Current Limit","on","off"
"2026-09-21T01:17:00+00:00","redundancy_off","3.0","2.0","1.0","2 running, 1 parked","15.0","7.5","14.6000003814697","783.159973144531","84.4000015258789","on","off","unit-a","Normal","7.30000019073486","54.0","None","on","off","unit-b","Parked","0.0","53.9199981689453","None","on","on","unit-c","Constant current","7.40000009536743","54.0200004577637","Current Limit","on","off"
"2026-09-21T01:17:02+00:00","redundancy_off","3.0","2.0","1.0","2 running, 1 parked","15.0","7.5","14.6000003814697","783.218994140625","84.4000015258789","on","off","unit-a","Normal","7.09999990463257","54.0099983215332","None","on","off","unit-b","Parked","0.0","53.8800010681152","None","on","on","unit-c","Constant current","7.5","54.0400009155273","Current Limit","on","off"
"2026-09-21T01:17:04+00:00","redundancy_off","3.0","2.0","1.0","2 running, 1 parked","15.0","7.5","14.3999996185303","767.31201171875","84.4000015258789","on","off","unit-a","Normal","7.0","54.0099983215332","None","on","off","unit-b","Parked","0.0","53.939998626709","None","on","on","unit-c","Constant current","7.40000009536743","54.060001373291","Current Limit","on","off"
"2026-09-21T01:17:06+00:00","redundancy_off","3.0","2.0","1.0","2 running, 1 parked","15.0","7.5","14.5","788.912963867188","84.4000015258789","on","off","unit-a","Normal","7.0","54.0099983215332","None","on","off","unit-b","Parked","0.0","53.9599990844727","None","on","on","unit-c","Constant current","7.40000009536743","54.060001373291","Current Limit","on","off"
"2026-09-21T01:17:09+00:00","redundancy_off","3.0","2.0","1.0","2 running, 1 parked","15.0","7.5","14.5","778.114013671875","84.4000015258789","on","off","unit-a","Normal","7.0","54.0099983215332","None","on","off","unit-b","Parked","0.0","53.9199981689453","None","on","on","unit-c","Constant current","7.5","54.0400009155273","Current Limit","on","off"
"2026-09-21T01:17:11+00:00","redundancy_off","3.0","2.0","1.0","2 running, 1 parked","15.0","7.5","14.3000001907349","772.722961425781","84.4000015258789","on","off","unit-a","Normal","6.80000019073486","54.0299987792969","None","on","off","unit-b","Parked","0.0","53.9199981689453","None","on","on","unit-c","Constant current","7.5","54.0400009155273","Current Limit","on","off"
"2026-09-21T01:17:13+00:00","redundancy_off","3.0","1.0","1.0","1 running, 2 parked","15.0","7.5","11.5","609.408996582031","42.2000007629395","on","off","unit-a","Normal","11.3000001907349","54.0","None","on","off","unit-b","Parked","0.0","53.8800010681152","None","on","on","unit-c","Parked","0.200000002980232","53.9500007629395","Current Limit","on","on"
"2026-09-21T01:17:15+00:00","redundancy_off","3.0","1.0","1.0","1 running, 2 parked","15.0","15.0","11.5","620.77001953125","42.2000007629395","on","off","unit-a","Normal","11.5","53.9599990844727","None","on","off","unit-b","Parked","0.0","53.810001373291","None","on","on","unit-c","Parked","0.0","53.8699989318848","Current Limit","on","on"
"2026-09-21T01:17:17+00:00","redundancy_off","3.0","1.0","2.0","1 running, 2 parked","15.0","15.0","11.3999996185303","615.713989257812","42.2000007629395","on","off","unit-a","Normal","11.5","54.0099983215332","None","on","off","unit-b","Parked","0.0","53.939998626709","None","on","on","unit-c","Parked","0.0","53.8699989318848","Current Limit","on","on"
"2026-09-21T01:17:19+00:00","redundancy_off","3.0","1.0","2.0","1 running, 2 parked","15.0","15.0","11.3999996185303","615.713989257812","42.2000007629395","on","off","unit-a","Normal","11.3000001907349","53.9799995422363","None","on","off","unit-b","Parked","0.0","53.8499984741211","None","on","on","unit-c","Parked","0.0","53.9300003051758","Current Limit","on","on"
"2026-09-21T01:17:21+00:00","redundancy_off","3.0","1.0","2.0","1 running, 2 parked","15.0","15.0","11.3999996185303","610.31298828125","42.2000007629395","on","off","unit-a","Normal","11.3999996185303","54.0","None","on","off","unit-b","Parked","0.0","53.8600006103516","None","on","on","unit-c","Parked","0.0","53.9500007629395","Current Limit","on","on"
"2026-09-21T01:17:23+00:00","redundancy_off","3.0","1.0","2.0","1 running, 2 parked","15.0","15.0","11.3000001907349","610.31298828125","42.2000007629395","on","off","unit-a","Normal","11.3000001907349","53.9799995422363","None","on","off","unit-b","Parked","0.0","53.9000015258789","None","on","on","unit-c","Parked","0.0","53.9099998474121","Current Limit","on","on"
